packet_count,byte_rate,syn_flag_count,error_rate,is_malicious
93.31856951672233,5096.689725962079,0.3259114772862549,0.010078411182358122,0
119.00268424310966,5511.528277626119,1.8217707545602646,0.011955639384663631,0
111.67509822986446,4638.017634766106,0.6778298664890079,-0.0036957010306873633,0
111.86145474042299,5770.161989909943,0.7234113773263651,0.008730241468013825,0
92.46137886309039,5191.326775738746,1.5624662726516205,0.0012861401305947952,0
104.09438530642252,4861.664114140427,1.0566971959833447,0.012294970008371455,0
98.11797561227179,4948.20657329711,0.8930624162226806,0.014851581008941407,0
104.18759960127497,5110.29176886868,0.36452413945385864,0.008107101283934229,0
108.98669160339175,5018.848286561962,1.3297657347945693,0.018832559001638167,0
110.38606069208817,5046.579168849871,0.7445054149021364,-0.0027677479802794922,0
98.31615077527148,4836.9937520915755,1.1951830971976878,0.009230473865126562,0
96.79614940563205,4110.3005347463895,0.5300160854249667,0.012383255204002788,0
117.15907631132694,4951.237308127188,1.1639055367870617,0.014762390784764028,0
91.8910606379975,5183.407021642721,0.6297549468339207,0.014324122192455057,0
101.51403047951733,5149.2259069907195,0.6087007012907055,0.013535161798053925,0
120.84712921231016,4496.044152285897,0.8301204961762381,0.01115803737084046,0
107.86406211995816,4720.226857355266,-0.41651514507137,0.016795947470820125,0
107.60506119584143,4128.526234756668,0.6962156041102221,0.017840912147636633,0
114.47796418457867,5469.320011339472,0.9119437830200687,0.01041493709406255,0
98.69074194873873,5564.119891634418,0.562078796752445,0.005971001725578976,0
110.10274586836016,4977.819272244219,1.6892336777269041,0.006642438965097272,0
99.45221639661175,4538.793507578023,1.0036813407117835,0.0026072653150060058,0
95.12366579045037,4281.873067535941,1.346961616595629,0.013582946698798259,0
82.69737269515655,5666.942872750286,2.248707563209927,0.010230031933681705,0
93.58885739775356,6412.165295501523,0.34051575084874464,0.010100532334345493,0
101.79622272631923,5672.573810226208,1.1798694875633942,0.007506830521057743,0
90.48815629612044,4829.089089876932,0.49653631952742794,0.010239126598923416,0
94.35803820139513,4252.981103355125,1.6275728941874519,0.007511637382854803,0
87.31863195024687,4915.870432756229,1.0341857829838295,0.001267666372104832,0
103.31647667125763,4476.421215654867,1.855514404595394,0.012619802560383675,0
96.00100009890683,4627.416114841325,0.947516146218188,0.013063953707916449,0
99.745058714148,4891.4205964315715,1.0291851454089478,0.0069807053438152265,0
96.56794073156962,3957.103780547498,1.4868631154261838,0.01149398890160881,0
92.2654415596657,5949.36749067762,1.0435082401961933,0.004819282140124016,0
108.56737421470459,5199.024108254631,1.1972899927421097,0.007871221976742048,0
104.50495723778035,4869.120854889453,1.2779707258229211,0.00047527772994680577,0
95.66126537020811,5861.077548904097,0.6164662722998497,0.006980808512534067,0
95.52038661550024,4392.596932055679,-0.10414038811412607,0.008847068007381937,0
101.35859424081657,4973.747465730674,0.9275607190260566,0.010215204354251939,0
110.22841471550764,4904.776907035392,0.7129587114563651,0.008594372575559568,0
105.79346759756775,5706.0134392716245,0.6859281304154108,0.010494668935144419,0
103.38357441935959,4503.710996635588,1.0102085836064592,0.002671630713289524,0
82.309496962606,5183.373203946128,0.8080626293346086,0.011011402038106096,0
99.8210502299165,4511.799975668101,0.9773728490178317,0.003834493474925724,0
113.909723580014,4322.014827570018,0.9021073645157094,0.004788642059763758,0
105.70421173360796,4834.284314359249,0.7406666401893949,0.014266007725257771,0
100.29430591677553,5258.322222967983,0.5093370317412675,0.002975915280362466,0
101.07207962040134,4840.576822252634,1.3132173362269721,0.009600457736687251,0
102.0507533923463,4188.308735029378,1.9442184698071283,0.00917879007483984,0
106.975869703392,4581.954164890187,1.1540049511086705,0.0034857761823762733,0
104.52067838259671,4822.012957807084,1.0145952519677837,0.013489870150650488,0
87.6745968877972,4657.754134693601,1.2286621405433826,0.020491107372733734,0
98.61917665338518,5295.568058961966,0.94651426507076,0.019711227973781498,0
82.52778333034745,5047.310522334679,0.1872279832189695,-0.002532857852683583,0
102.97462053117816,5069.74889807373,0.8575815311288993,0.009469029549801234,0
130.98299434071257,4870.912430984283,1.2550621806250375,0.0067531759019305955,0
102.95232575040603,4880.8831624721915,0.7947407586351349,0.019094492661001626,0
111.7718496318434,5068.373323699615,-0.1521059679719834,0.008194953883737153,0
127.03027564405083,4884.669166680146,1.551608786026829,0.017209712009763005,0
102.18963915855976,4579.089184065924,-0.2176561658914442,0.013420816043044773,0
91.85243997176451,5088.075225943846,0.37508983020531794,0.008673812297648988,0
100.33719054901053,5134.2967905221485,0.4425889063237929,0.01598455474380676,0
94.03105215268029,4162.765269773377,0.9454882900182681,0.0101718765451323,0
101.6058943317176,5681.066201842539,0.8817755816320703,0.009401901878156144,0
88.96815618766907,5410.276751443948,1.0921545320390518,0.007899861363529187,0
80.95325306534536,5722.2060975275435,0.3861600177719714,0.007043609953151472,0
103.58344511076004,4401.721035691657,0.25324511087342827,-0.0006197379135033237,0
107.20996952905635,4727.406877636839,2.463635046236665,0.005028224671845633,0
90.78548976571079,4717.303514857299,1.1215673275692446,0.007648983306073443,0
106.12332214002512,4510.705805005673,0.30920414076820946,0.0010089263029544621,0
77.76425832062803,4740.965490262472,0.849509843803389,0.006842814862584083,0
112.43405797187162,5614.015104804068,0.832598506277749,0.0010303944340401845,0
94.33294891944948,4700.089303041469,0.671432518860971,0.006511405480508776,0
93.46537104275193,4806.72919205112,0.6822294505922217,0.01104161254312796,0
103.6036871590486,4544.6774564087555,1.6355326630035167,0.005099688490796929,0
83.82199386184664,5190.389035682526,0.5912959327928301,0.01160645735378694,0
75.9633139889947,5696.227970741534,1.336146704020201,0.0024976172541849914,0
85.21222876153715,5836.132952048763,0.6313100482510208,0.0058290757563368815,0
77.33947905850718,4824.610897199223,0.8861401925821236,0.013577465483847426,0
86.00921571815525,4239.856603879695,1.2254813173882384,0.015033650356135325,0
84.28847648882117,5540.757043149871,1.0187709207434108,0.015459026695373228,0
99.29779638482384,3738.8610412560247,0.9240163088419806,0.015300719093356351,0
91.06253980916286,4806.017515546274,0.9119332482245108,-0.00449756939934241,0
116.71347575437477,4549.312160051413,1.2528677162363995,0.009566494319258956,0
112.5761905635936,5203.0280612140405,0.8825378642395127,0.005532424537403599,0
107.97850701382139,4063.279348022692,1.3229452101379462,0.0045047762422256365,0
112.5228366195664,5080.649771331347,1.3220618839250544,0.010409944069123597,0
82.47622904859003,4569.63541830233,1.3361946688056912,0.01083327908679922,0
111.80989905305672,5201.637281518586,0.5166490546486702,0.00601967931139683,0
101.02917390523237,3842.977966999947,1.8367209428114926,0.012208733681887787,0
112.27034597048872,4209.698029595415,1.622282580177628,0.021157494555138743,0
86.79121644622683,5385.700897451883,1.0005549723436467,0.0022778307587587787,0
104.9288397185187,5416.8016024186745,0.6994367236655765,0.015829582601276114,0
83.33236593210802,4252.621926775178,1.0682986977943763,0.010126926389861358,0
92.83426511575895,5404.797217985943,1.2654471571079746,0.01429069535467008,0
98.76863564647732,5301.2901339891705,0.7771748484850027,0.020269093450432978,0
91.87454229878014,6052.648714729156,1.0174439735447043,0.0031224455521562866,0
113.68079350488601,5062.95069419748,1.4255620491901189,0.016119279592712966,0
103.37955554145026,4703.879577593592,1.4878566888346252,0.010003777537272978,0
106.85857818608419,3923.1347131042694,1.223490858504926,0.006807070874274849,0
116.5330963717853,5311.543673944548,1.1199288729246484,0.012431549966751108,0
90.01559147123282,5811.628345264027,1.9956852092084523,0.011964567552741081,0
115.90403568573639,4715.425900663733,0.6014432168875097,0.010204623743644614,0
104.34941038367899,4803.0066593784395,1.268884095184242,0.011531947410367071,0
90.01693224708944,5259.39650872586,1.4317641212607606,0.010857346587951955,0
111.52648103261693,4391.298103251524,1.233975211065926,0.004148596468016126,0
88.85918641766912,4684.534583131105,0.5289699082128776,0.007260020906294311,0
97.85849689288811,5418.577243165692,0.8394204806471488,0.0020718714661520365,0
111.4006784649516,4581.45493319248,0.9706397864476857,0.012232682534703557,0
101.99610418402783,5547.089773760737,1.2395015716963795,0.00569345210151446,0
121.78562173991662,5097.166731669116,0.9263298866892469,0.014819627115277855,0
102.49450945930072,5199.614096469663,2.2460919993003436,0.008624392858724766,0
96.82239105982605,5058.289256006232,1.5357579677905193,0.0024673298490480045,0
80.34444108523495,4706.442364689926,0.1830385204703564,0.007875843262371809,0
105.0249969612929,4554.625568223868,0.2865867116093288,0.01034668580857674,0
108.6254348461517,4152.513280741694,1.410116199152992,0.014086531018691631,0
109.54085102156628,5609.240107435843,2.1010069623298078,0.008219539756904724,0
101.09571580077858,4791.780783375987,1.0009884223779053,0.01766436677818156,0
86.54985516069331,4569.475163917212,1.6885904682522805,0.01510018253451045,0
96.36868353182922,5427.20100056036,1.1706079212460165,0.01750137304500494,0
100.74509593826772,5512.816056936291,2.32100595524631,0.012990495775237332,0
100.49328165794843,5361.223492610489,0.8173595708980576,0.021939838527623663,0
101.80071037695981,4863.5333398872435,0.5821554974899819,0.015486100958032191,0
108.67187412827738,4751.322814292954,1.2882256725612113,0.0024572201589357183,0
101.84970575073156,5226.378176038347,1.8536649047796114,0.006145905986356553,0
87.21647371197676,4552.286019537479,0.33171574984254004,0.016683286788794917,0
115.48639295024037,5160.108288974415,1.6106474728425741,0.010669791902901177,0
99.04888352299234,4833.48119047312,0.8448045043112172,0.0022609922184548435,0
102.64254763607339,4979.833044892978,1.3726803620389378,0.010467617482193048,0
98.37296298430908,4564.4034849961845,1.0360766184108807,0.01369118615408081,0
88.5666100891614,5043.736876840369,1.116521475764742,0.006409676081908679,0
94.12143695092,5115.3054243831075,0.4332894908536885,0.011749618576246963,0
91.046456263408,5531.426846516608,2.1689138726941497,0.005696215991490902,0
105.34207862374674,4636.62904755899,1.5204770868988948,0.003673707954573925,0
104.80586758427712,4563.505516555324,0.8965077054508156,0.004844873624263465,0
108.22350470895753,4581.509822780206,1.2759821296659137,0.008279509858688335,0
98.85527628201137,5073.877953700065,0.6190876641705756,0.011051835567704435,0
115.3033456435441,4610.952607083643,1.5859050716369225,0.017490488167438922,0
91.83845010971956,4272.472697454724,1.1509804500858825,0.0072629623861656355,0
118.68603219163002,5017.403770249916,0.5989002959824103,0.004264202444941443,0
110.8990495909083,4714.408012957907,1.021914399730214,0.014779013725562406,0
95.1574164806917,4977.035585629919,0.99171579508874,0.01341662255758046,0
105.90744335510325,4889.9431343725855,1.0318245307482588,0.008141104942382559,0
85.22387593080555,5128.8004286990645,1.946095880416534,0.005581404296544686,0
92.26970290397297,4564.636114178129,1.3622958893615613,0.0122424272709822,0
98.41462307583544,4540.990469180518,1.046188395819962,0.0021768893633209788,0
101.43426566857494,5435.762193043967,0.37440043168316106,0.0023374086158516813,0
115.7943789169486,4694.120180247707,1.567973922971911,0.009230011674010842,0
98.38045183058672,5219.206349748322,0.5580005716267797,0.010662485717478227,0
96.18510585175908,4339.753278297484,1.1687410373631995,0.008683460965610418,0
98.42975171555292,4394.919528292921,1.7957001838814022,0.01438357093193058,0
109.64155884171979,4847.277648779159,0.13540855524828987,0.019764586912447556,0
99.38902491994132,4625.600101989973,1.208400787241557,0.01583560394001649,0
99.76949443914533,5639.287583969687,1.5414999692584344,0.004618094062989709,0
93.26209894340523,5478.768581639883,-0.35630628190521896,0.009252721534175057,0
85.69168798375328,4761.723099283237,0.850589955485398,0.00820877811046246,0
94.47738747887391,4451.428175185593,2.145955633409343,0.019337310020806756,0
88.37934179743718,5791.0583756517835,0.8002672547635735,0.010645937366658552,0
99.36726040103085,4670.125679373017,1.4919261718030734,0.010629432652883289,0
95.23448576780758,4347.705278099764,0.5532024931404398,0.0017930994219895156,0
100.1222354841517,4401.667203857802,0.8672197437407294,0.016850509268051855,0
111.99299572921586,4983.8615529486915,0.956457636928425,0.019399372747105043,0
105.20756120358712,4836.096770061738,0.286990941439774,0.011969366090823717,0
108.29323772582862,4684.174237743178,1.1456013775690161,0.008182133525424854,0
98.15967600800997,3756.0889712188346,0.8891092981419323,0.014846846512040272,0
93.68597444433442,5026.263184107658,0.6220246466540398,0.011802208381463865,0
97.83476802463827,4530.379229658996,1.6662757338325638,0.014644660067661075,0
93.95093236071826,5248.894154708889,1.2687060014101903,0.01321150617505588,0
83.05744104004923,5503.303270516314,0.7151505185371343,0.008210860332793666,0
126.37881752260199,5150.936690360506,0.8068387622764123,-0.0010264718637795298,0
113.89764133946356,4327.395164595699,0.49828054825024826,0.008343238504560754,0
114.16411791700293,5386.61999333288,0.92108124507987,0.011541460318194105,0
93.99614307128894,5069.826844782676,1.0366683723890684,0.014843849478406767,0
109.67178122438949,5246.9886911028225,0.8188262212269488,0.013709111471950633,0
99.08031533796954,4459.042815643434,0.7983561040445306,0.010422634918921623,0
109.10215783664745,4908.235913921423,0.39540064438019695,0.010283708416484098,0
101.13456040056552,5092.918814451376,1.459935757977215,0.015094616200449492,0
94.05789127618334,4691.928270975528,0.47990064452226344,0.013494078351402383,0
114.48820108337715,4842.459036045539,0.8792847176375035,0.01733391278449488,0
105.05557853215008,5218.117852400527,0.4045417470131366,0.013393640346397095,0
90.70863659490242,4432.989907032521,0.826614211616644,0.00707103638275655,0
97.7840030561496,4279.509182737541,1.4794081532338361,0.015638431472582145,0
80.52657525859186,5489.228902833275,0.5947356850891868,0.01428487768491393,0
99.31553507333584,5014.3877820405,0.9074511752893907,0.01606064602116743,0
87.60411987474971,5303.920169367504,1.5506650824447752,0.013581700402702054,0
123.24698914323417,4735.52661863765,1.4786524112967656,0.009469546823292898,0
112.3340607635267,4996.155502139315,0.8060621090687652,0.016530361019358147,0
95.0843806098107,4293.637120549722,0.7415765584130858,0.013095164732942663,0
113.92038751587091,5055.564687648256,1.6590985336170125,0.0032091253926120325,0
95.56736535182097,4855.712441422949,0.9427202862637402,0.010420471941250982,0
106.90910957392192,4777.596580914755,1.0695143434765628,0.009774385548379743,0
90.7411009610885,4943.166655459282,0.9281702350514409,0.00917459717498477,0
100.3175945658145,5037.836770306693,0.7838524104463349,0.016363573669856323,0
88.30519370796983,4639.514945765051,2.389981812111778,0.0048100432250538505,0
86.4624532529024,5367.238372500609,-0.03855992688693699,0.008823630450137806,0
121.45824925076488,4227.5320389233,0.009017757130643345,0.002504093990211509,0
108.98359568346986,5562.388359992907,0.7437056015107456,0.013416062020005344,0
113.9025532751199,5893.6732072149125,0.8768323594100759,-0.0015073585883499333,0
91.79121077590314,4786.597902532371,0.8705306017108048,0.009060702994956402,0
111.1889459793067,5637.214213343791,0.9141631730376083,0.015492424380259093,0
103.57661366631089,5032.2529864312855,1.453272078554982,0.01036126024118958,0
120.57811177097761,4280.79441660272,0.7424145504539912,0.00936740551523025,0
104.3945269045799,5633.980243551545,0.9878007163819217,0.0028888517524689643,0
108.42513896455004,5377.479383070982,0.029070670310296975,0.009980979331646003,0
84.09858169319702,4667.674451248969,0.5485955365186002,0.01404632349120993,0
101.16830174172183,4357.2044996219865,1.4400329814786712,0.0028309708803579284,0
103.30113790470944,4592.994665354222,0.81716145873474,0.01252135374019192,0
105.21449399059529,5668.48453677798,0.9588731501642734,0.011532254314816703,0
95.62262677595675,5090.994941311399,1.219743024004256,0.00950845076272812,0
81.96249515907503,5165.735448165447,1.1822807386777285,0.006599132618260246,0
87.15612963927485,5737.939575251983,1.245722755447201,0.008854594845391452,0
88.62967116852512,4589.092585789327,1.651295198393116,0.01068830970434023,0
94.49412932999293,5254.844615612328,0.5928009062768381,0.01750421515140189,0
113.52800534896726,4766.712964398612,0.6856648764845699,-0.0030906659934613993,0
85.18419228448631,4330.265112521121,1.067595170493693,0.008368831477793203,0
86.54664512584759,4859.417978767721,1.2526685738236742,0.012639196749577936,0
81.00329719141119,4935.868259758085,0.3083296115141948,0.01450864348570137,0
107.84146416353498,4550.986386837771,0.6169773987998001,0.007693664747508464,0
77.47206605268661,5167.984086720288,0.8635777268299346,0.014850875412839297,0
89.01590782037448,4690.438525875034,0.24673737098044235,0.004978547182528734,0
88.1801800393178,5497.986839423223,0.6508690756243038,0.010620878423723067,0
96.19236596138195,4365.267366993594,0.9158497884141786,0.012995516659317974,0
87.92240607456648,5404.556395365689,0.5751395392611518,0.007585080369635797,0
105.30683123010047,4668.281921390256,1.018787429667933,0.008426545856059538,0
101.29368006703818,3809.6304472382517,0.08515909239595854,0.013079835030234192,0
110.3718140564905,4544.756648234239,0.8779858239144328,0.011473596264511507,0
106.93217601658704,3986.1613641645754,0.5569798765108114,0.008337103100750625,0
107.0314019723605,6249.2152418607475,0.8859971365951411,0.002965112689480056,0
104.02268077201298,5660.497894770355,1.0540070604897505,0.005466757274228536,0
109.5799394148002,5331.772809249217,0.4869595779021878,0.01190712808767171,0
109.97265567658873,5590.945021279447,0.966775512345272,0.008209602769103406,0
112.27273822081263,4394.919748509557,1.2192896454605027,0.003149866863177854,0
110.65376272259603,4870.977242194419,1.6342916178237346,0.012457063781777635,0
87.76779769938071,5712.313866038621,1.7756226332138647,0.014411432462996077,0
92.3841213496378,4846.993022821295,1.0727136087028797,0.006481448003342834,0
116.92346572463205,5072.163235863019,-0.3516740235536786,0.011696779063781103,0
96.51842603182686,4962.536721940776,0.8156903171071502,0.014035232083033436,0
111.19687778553381,5141.526581129327,0.8303444064309204,0.009793313975954149,0
100.19599616577628,4598.784980067581,1.2894643242856174,0.012300211619302332,0
115.40441239776673,5627.674890144237,0.6571625412049349,0.014101491872544824,0
90.49046616905528,5347.966050470425,0.7416929006199461,0.0048837338831220775,0
102.80045342697404,3662.7164359229296,0.124512212797386,0.009112540581128585,0
100.82441766634842,4815.340614920906,0.21028185064120064,0.005910540789307472,0
103.91209327237394,5290.890885314181,0.9918884412020293,0.015784168905184946,0
103.97397023459234,4626.272173020894,0.8597489732941913,0.0029856692139607266,0
98.91861009608583,5556.0503096106695,1.3426450423554839,0.01701004662959561,0
96.97114756201007,5673.049897257129,0.9033478867760151,0.01735792541284947,0
99.78143252557877,5353.615686902138,1.7375561821549277,0.009032861857093972,0
102.18388987544174,5644.431712603151,0.9334984180349682,0.003395538587469195,0
121.4300705458491,4765.117767831432,1.0793780254687715,0.015780033347255636,0
93.91506096268799,4496.066043388935,1.1268686483874166,0.0010346180104380525,0
97.1209392313208,5122.519332157703,0.8650240515874179,0.002282745284071265,0
115.94177956204013,5051.769076974588,1.7155760588808704,0.008699818749097777,0
91.19988018309236,5134.59046012758,0.8921064368358902,0.00411119271004321,0
114.69784258787496,4688.864888553002,0.07986680760221576,0.016640830269786664,0
94.95701984187377,4696.088053692188,0.117306206485013,0.018704707432984954,0
87.10519412790313,5029.224740352825,1.4563101612702203,0.012108584665015486,0
99.40345688007808,4149.1670708562915,0.595137582116358,0.01093900169021261,0
92.12825930013004,5101.679729999384,1.3408717044075709,0.014812514429000508,0
87.73820642187317,6098.323027489477,1.3837396722770654,0.009991429231654681,0
110.89536583076641,6182.703885999987,0.28063994947156523,0.008873686787543232,0
76.21568340126672,5096.325766324012,1.1826971209625703,0.009804189422786203,0
93.45466429001691,3975.2427419058376,1.1867668417058843,0.017277172419576624,0
94.08981544266568,5220.029964511573,0.21592784328997472,0.01228606531846257,0
96.06617702255343,4618.791024698543,0.6198181793919347,0.00803194208983495,0
103.82433315692535,4343.918399402241,0.8014423342160736,0.009792641110004262,0
89.00960775468141,5898.332600837509,0.5732522599693293,0.006652815431832548,0
90.21692050177502,5899.240043569059,1.2764526142997408,0.005317039968781789,0
111.06231558859969,5100.349347144439,1.1286267105557508,0.008277613956237736,0
92.50584013043027,5168.8830495273005,0.7274563850022049,0.019083778147875523,0
87.30708894756896,5768.078386427473,0.9443405756010996,0.01149542867010553,0
108.33157766629435,4684.875352497782,1.4321241923493182,-0.003537719276905887,0
92.8001046677806,4537.968596329467,0.3732469938141192,0.008925225809605244,0
103.85749968181695,5351.329999249653,1.120438378600204,0.006671532675532266,0
103.69016437825167,5062.142847425425,1.468028083968008,0.013884683514657584,0
100.30476413920628,4551.373496919372,0.6735249220839596,0.007251053201809833,0
96.84733666083744,5134.025213794876,1.3575871950640293,0.009744406534923112,0
100.16124787900472,5071.653152500002,0.7420473434338299,0.005373038711785219,0
82.4456210268929,4652.425320961564,1.2365727266338935,0.006485442809802163,0
97.6219296257406,5233.2156437061585,1.2603447482113344,0.004602335739169805,0
109.97059356453641,5563.675044677742,0.4350750713907201,0.00588081565179423,0
111.91090683146192,4926.573239372349,-0.10988897372592543,0.003001592476336569,0
97.50630374827519,4418.478674857699,0.7932881146817793,0.010161981068417893,0
114.62254604034729,4854.773041886106,1.5362708997863794,0.01714380081018385,0
114.34309669352076,5142.3772966927845,0.018355426080512882,0.012304124327019326,0
110.48399887813541,4959.4664472822915,1.8722919350376244,0.014299167807337289,0
105.68273377152784,5543.190355602919,1.166684925630439,-0.0024640524969767683,0
95.00861048529634,5598.584013623927,0.5962043299508519,0.008882637473815305,0
89.5516368609693,5891.961297600885,1.8407462287090077,0.005580655524296353,0
101.47298000389084,4659.752976117976,1.307472319515689,0.012548415386211645,0
108.11705571613265,5165.9592238539435,2.467703103194234,0.004860381174946305,0
82.89396645563485,4803.4548996492695,0.21600586721986625,0.002537688649970036,0
89.98685345802033,4538.9055472841865,0.5226909490249699,0.012591094752227059,0
94.93810938914663,4910.24271256376,1.4471163872504675,0.006168387376092869,0
97.35454101295278,5182.8799930464575,0.029216099689889363,-0.0019245275447529117,0
103.46117328797723,5246.007140283449,2.0321100674262054,0.01079047437933405,0
108.19739717258095,4902.263678207013,1.148613610792543,0.01833628420874767,0
78.76007181874364,5206.80812878584,2.067793365038683,0.011410171096046712,0
116.50572963232848,4685.393925235278,0.9839762529181433,0.010167623511942938,0
77.8240892064123,4415.9110860749,0.45156246030800695,0.014110330390162637,0
108.72153105684055,5162.018221353266,1.412051448427853,0.00917925293639113,0
112.01931669539543,5004.394221316036,1.0289320237133783,0.008672036833687943,0
106.84450477636427,4789.400591693543,1.488215688599034,0.0043392542964199666,0
89.01083745271806,5343.713377563252,0.9557278927084937,0.007730542919234359,0
108.9005773247546,4696.369292956958,0.899899372849815,0.0169961397503558,0
115.3914234581065,5786.199105135163,0.8589371115330444,0.01615351452492235,0
90.51047172231321,4546.548562638969,-0.17522792631218054,0.01836434100949265,0
91.36020150923922,4936.73371012647,0.544837829035858,0.013475826241650703,0
96.2436633928266,4347.591554783526,1.2208312820930303,0.0028313498759488572,0
91.62594274684508,3946.5554426869594,0.2880209439011966,0.01089264584860239,0
80.35463961897075,4259.427137689142,0.998815541933596,0.007281965519534738,0
119.92036635959309,5916.948273012188,0.5660387686244233,0.01278568809201741,0
107.49282556879452,4701.260570987798,0.25222923175089806,0.009938507753459712,0
98.27154325185889,4782.11775151469,1.2211584340822426,0.006246351964972006,0
88.48002452420857,5054.541485174916,1.192985046284438,0.004116775280499735,0
109.28090610991082,4114.759431111961,0.7109432706421783,0.008709957319011955,0
93.6377628734807,4717.469763224404,1.935537241154057,0.005745579554805507,0
124.41221722471914,5218.563389865526,1.0460275686559959,0.01238120176693833,0
125.29927749251952,4503.203498034276,0.4397910405318054,0.006225669017140395,0
100.3214314696456,4137.114437593713,1.011169619659304,0.01846773566706836,0
101.51407390624777,4853.657270512362,0.6909197756581863,0.014492558522757822,0
91.74167226761952,5923.197960299624,1.9666798738571787,0.011283753993308937,0
99.88484911923355,5515.329904120779,1.5473992511136627,0.005970041344702923,0
94.73444866863298,4338.826282658352,1.2045324691670285,0.013333139417284454,0
86.50074362138727,4772.40054759192,0.3263730412093254,0.005506000948780812,0
105.51017060226299,4633.25896666086,0.8495870219838506,0.001863441360263422,0
101.86990209724664,4977.863340077675,0.6355203749834188,0.00905492851158763,0
101.80294880503445,4592.565925545328,0.2618687279991103,0.019027872163434077,0
93.66727295289728,4951.6199484065555,1.5054198675101569,0.027645275937852418,0
87.55513550111134,5224.913606863255,0.6462238573529469,0.007306048477116446,0
92.7978797899321,4437.1725160997075,0.9793543191076692,0.0026274865647588222,0
109.4680756651187,5027.501468016687,1.21121748645072,0.007669056940268886,0
96.32796065788251,5143.781952583664,0.41797468379708724,0.00821004782793332,0
91.40386486121545,4554.715594704493,-0.05491912031282076,0.016696632947399998,0
93.13461246846231,5581.688027581775,1.5343961606971461,0.0035700014674175315,0
89.11588764327155,6280.251479677841,1.8754629709635717,0.00984240743335948,0
102.5737310641735,4684.576798526406,1.21617635710017,0.006414090496387643,0
79.67646235701615,4339.222106744474,1.0105463739252936,0.0043446638224870614,0
99.32722535086465,4462.669480283568,0.6088230387490032,0.01426582653206596,0
102.47480547640104,4995.167789343326,1.4394819865353257,0.012403042966736737,0
114.46563291251367,4770.07036884243,0.7851825107362457,0.0034944536680432733,0
95.7101928262758,5482.384947151223,1.649993686131067,0.01480152584043334,0
82.05808133450563,5541.572606330367,0.08074068836396464,0.014490586620611739,0
96.32215473428946,5351.266656966928,0.33377582605271705,0.015855838163530735,0
85.35025253895111,4665.772544573411,0.5009526861154824,0.0012285757358875046,0
100.94527567588469,5903.044558918481,2.3334526111600047,0.010485778935431239,0
111.16681275067522,5116.047318964269,1.2494415973841064,0.008289256744363805,0
101.95076925422602,5268.739352303214,0.7107701355618343,0.00961252850053506,0
99.41569881002512,5413.201658665263,0.4669839141861597,0.009742288956961742,0
119.12005469052697,5582.030076292969,1.6745895244443525,0.010122159200890171,0
103.20997563686024,5501.118083351463,1.7801277647654654,0.000241985435585566,0
86.84558692950154,5654.722050701324,0.8615553221155983,0.006641396053709614,0
87.45839013004397,4722.491649227945,0.2988153582880876,0.020455471363662388,0
99.77563948019427,4971.0247291186415,1.294038337583916,0.014811725846332849,0
109.45888156554639,5536.810971953786,0.6845772246045718,0.008510665975215694,0
107.69031655442275,4736.30546918019,0.9974466839863875,0.011993818822124072,0
107.85185082310376,4111.1595188148995,1.3573728249444725,0.008831379710741372,0
107.07457710864381,5388.465846177414,1.8039575305595787,0.016767268238106016,0
113.46571662610296,5721.835159583119,1.145689492407973,0.010160925435184199,0
108.72817083178334,5366.0404757165115,0.8454668816308699,0.01202411704404134,0
99.64903533215406,4573.033545769972,1.645230370688175,0.010275996212650447,0
120.48708257698851,4187.2538649000835,0.7216106135783169,0.010163194183454358,0
111.37381097628914,5199.734686301093,1.1552363770903757,0.004363681037229264,0
88.43058602770529,5161.252330144953,0.3179470030908208,0.007340611248553357,0
105.00917329085857,4508.837863861612,1.8026779811809033,0.016119681721189452,0
84.285800016617,4533.814378409006,-0.142888622247475,0.006087043187259334,0
107.66388476572399,4793.052528862571,1.2303986218079837,0.002388328408591279,0
107.97975254581905,4722.445386035825,1.0060848411414527,0.009535627493034736,0
87.28451479107716,4423.4578341301085,1.483897234501713,0.011994960787508478,0
110.50049041553427,5162.329117751259,1.0714953174046082,0.0013699469066661678,0
97.2963330323883,4986.307839798128,1.976553599136287,0.013434783160493386,0
115.36061181709529,5298.768852947364,0.6443483865252604,0.010585621080749256,0
102.36223646264233,4530.422215114659,0.8078063117035394,0.00897116503161414,0
116.05619832565118,3959.629737304511,1.6029092103580216,0.005316023825203086,0
86.27920812730386,5589.971065019232,1.3659490346171905,0.01627259351190595,0
108.00701947545576,6029.922500868701,1.2793619184722427,0.009217613119384207,0
103.42926377321342,5621.734564172982,0.6103123373699415,0.006740557087343096,0
96.91039985402092,3947.708600617334,1.0690392042087735,0.0005693564802448699,0
100.53059312932619,5432.644878067625,0.7615617696780822,0.018385579350934357,0
85.39499100581511,5595.6303408159165,1.3375685282034604,0.0014198337584465544,0
127.10794299040532,4968.127357248017,0.5612579889221841,0.0029645640260799154,0
97.79981972340326,4936.29656380502,1.0513227642698322,0.0085110192188802,0
106.33225310115094,4806.185083668377,0.03251794137976449,0.009253192521751795,0
76.32522346626722,5176.885315445695,0.5103498848586823,0.010816801774579003,0
113.14074981524604,4525.6256523659995,1.5306281292560588,0.007833052166569234,0
117.53194802065585,4817.423693400893,0.5797535072466543,0.013436192251976443,0
95.64210270376364,4579.275242935496,0.7610800746481045,0.009776967339084994,0
113.42180131244854,4032.9561272702113,1.0115403294752103,0.013124517973270215,0
101.93448574991797,5654.932584716767,0.9628273351207379,0.009077242789070274,0
105.92329547013344,5049.656907475674,0.8047956308597645,0.012580720197931898,0
93.47471706783355,4694.4114239903365,0.7360029891171932,0.016765345800832037,0
67.78983644014286,5197.799417381471,1.0171359071001111,0.0015956477038093983,0
103.09726779136003,5237.875995915766,1.2948196156787,-0.0032591403152247445,0
113.66389411854439,4631.131647657579,1.343283873376588,0.01370536890341143,0
91.23302914380707,5330.229976175775,0.8072533795438209,-0.00035688589669078535,0
111.67741925527778,4612.47751849188,0.5727532686309729,0.00798467065981639,0
102.72236725327389,4971.364794588949,1.2740334623535852,0.0033025531673567055,0
92.57613629569265,4942.001463839233,1.9489436463293528,0.00943093730793121,0
110.85222263661632,5019.277584392159,0.7581706812812158,0.008766377879427797,0
98.31580287971119,5301.822869480369,1.6873056337882772,0.011798404238431606,0
111.87077678741755,4517.605131185157,0.7926847455929847,0.0063784873289616665,0
103.14444590874852,4820.520807410293,1.3648864685170978,0.005344991441837792,0
100.43030973321281,5343.428955506128,-0.032651387520305164,0.020608156536651018,0
97.16848115120125,3987.4800431619133,1.079046949288393,0.010167217339865755,0
99.18105620427507,5495.595556463333,1.373722485713528,0.011489380955119225,0
104.50155633946648,4947.820775280957,1.8877454246200243,0.002604019908211167,0
101.39651674215897,5032.51231559439,1.4066402030322964,0.005780730612875504,0
82.56327397603464,5078.4115080490965,1.140615246109302,0.017447997047238244,0
87.29637953674914,5577.34688335836,2.1837071820135607,0.008111175562387614,0
87.09057780506777,4796.512816813314,1.0070024836856903,0.012818939375034574,0
94.08605270161952,5777.5992670736705,0.44273384249596914,0.0013039742391360003,0
111.06710424287317,3862.6894843969003,0.8979351155636419,0.025588405646040237,0
99.87956447040068,4439.616174651876,0.9713012681066031,0.009745996056902332,0
101.60649940353116,5331.13149107981,0.4804444158161304,0.01843774027618397,0
102.45114284372617,5363.3970232009015,0.6859253001221788,0.016431910684977666,0
97.42947591186936,5138.776256746766,0.5334469614064454,0.005015341867989366,0
106.88205306452883,4778.196584896307,0.5730884562478115,0.006784083289864848,0
106.9895307171742,4685.481069398194,0.941172534198918,0.010075138751435486,0
80.82651113989701,4264.436797313241,1.1681389446237813,0.0063148531942365145,0
110.56724911280418,5483.403552125272,1.3595843331777187,0.01909885893656299,0
99.16910672256817,5324.44096295192,0.7077995117019844,0.02226184956434362,0
119.83633652436019,5005.940217258896,1.193293114952596,0.01679648799682403,0
98.52860495185892,4671.687964600148,1.4369948755034412,0.01039219623041835,0
101.8299444964526,4582.8643284660175,0.14116392581830184,0.011180712049395506,0
109.049620414942,4887.096625461979,1.7182147597794333,0.006480418372922278,0
89.4529554503408,4966.384846401935,0.9587037123243548,0.013849843656676113,0
92.25037175936015,5684.047118407449,1.983458481254127,0.009804279865158291,0
112.49710420184319,4471.75146468737,1.537610770590958,0.015236382042797314,0
108.63437280189879,4992.218455564853,-0.4771244706210156,0.0067913642817393535,0
93.74083982315398,4510.872530969761,1.0611215022735332,0.007905182772393826,0
91.75387990234978,4470.59992587609,0.6422435072573857,0.015607496059249642,0
93.38974945372506,4742.530646783363,0.7716511924883769,0.011694967569047098,0
104.56249488528533,3477.671730378419,1.510817606913804,0.017181840171218772,0
89.4981346263833,4513.8508776325825,0.7748733061108642,0.006219979902716976,0
102.23926873946607,4026.737356820568,0.44103619598163013,0.017695986000874537,0
90.71780032651982,5621.714139051463,1.1776690977950683,0.0009536614270587093,0
106.35329195216207,4941.166348903574,0.7722664718751298,0.01122478546586002,0
104.74633485566793,5353.79591098731,1.589126423774001,0.012040679563891783,0
86.24365911213638,4763.177271174404,2.4715241676343105,0.013622455301908639,0
123.69287300811497,5697.717041099592,1.1209010357778744,0.011507035348905587,0
99.63419960123154,4131.09769207675,1.0090236262341121,0.016053372762710988,0
94.00360005178797,5205.976499530905,1.4257955229465986,0.005451597803437623,0
95.48697135656336,4491.04425476142,0.5889171966552966,0.0035619735817346947,0
90.99551538621974,5709.727840398919,0.5422614854548538,0.01063229609530345,0
94.97131246329045,5589.432968518469,1.6555811483018084,0.014320349910694734,0
103.06134553102756,4884.47023157955,0.40406264790437507,0.019717644405610985,0
92.40326982247447,5331.823173516421,1.5297827863116986,0.007223597515473353,0
110.38012527315962,5382.106601669428,1.8639819176908827,0.0076532676678664445,0
87.14135982720285,4747.255122277745,1.1044267712671658,0.010291063635425283,0
96.0656210372545,4045.4012705113787,1.2352414980645532,0.019861722395411,0
104.64251238123003,5304.567759526757,1.286222653077551,0.011985233349412,0
109.31665966868096,5197.686840592833,0.843661415173362,0.00602005544995623,0
97.51026344719325,5157.064748225333,0.8419585194385133,0.011571693415657152,0
104.39150133700417,5416.589715635091,1.6413974844194903,0.010390037092394288,0
86.92223434852339,4827.447951590405,1.0220312837032997,0.0008211562191145494,0
113.88664520102482,5071.188956255233,1.1906764172901425,0.01682763231263133,0
93.69857169857653,5287.020965442015,0.9450679384490321,0.009079565664920403,0
92.2780761219562,5832.8016068432635,0.8122499799622145,0.013497321234478511,0
81.24992612528064,5589.994264844893,1.5261055779785293,0.010487170551486515,0
97.73057533862075,5200.000002806783,2.144395330440145,0.001183816505482575,0
107.82027387574128,4544.191348923048,0.9900408018501344,0.008760599404606686,0
95.71681742202244,4994.7674354736355,0.43291442736110475,0.015145902180639836,0
82.05856488801399,5269.882256414171,0.8367320737327144,0.004145375530962732,0
102.02383370598696,4221.524456646761,1.0198569108598174,0.002885615460942228,0
104.61272084317831,4537.821333184812,0.7745029914853453,0.011469746939715812,0
92.27457888157764,4971.018000165849,0.24308474937757318,0.013154378017980778,0
117.6491380555077,6396.104433954981,1.0455840733332196,0.013941020703985934,0
82.19374327092511,5751.367163152794,1.388114252362053,0.007580332775243835,0
112.37180800289009,4872.761961677329,0.7709874084927217,0.012376674627137457,0
89.3664550016968,5510.812382199974,0.4720050940365783,0.004749726050884069,0
90.90310211591665,5379.750018758061,0.6916123192401462,0.003260021078164156,0
93.94320000064202,4983.978814659757,0.4095137581678072,0.004241594454828282,0
121.11296334099585,4569.717298093056,0.8384788156134966,0.008163814996003571,0
95.78643192229558,5310.673369984551,1.4740714752360247,0.00847022784234204,0
87.63521713407651,5637.220113924452,0.9523294544016587,0.018651609074285844,0
77.54414102434836,5097.70161064166,1.959303166938104,0.008233679322809209,0
97.74506576665364,5147.755845795169,0.7206020905575213,0.008439640339736336,0
96.62184905808597,4686.289632786813,1.6144282751002796,0.012305390161482176,0
102.50628232103303,5404.285503445059,0.8678220833982666,0.006128980908235498,0
93.97375695385443,5000.891520552304,0.470394145813549,0.0074986949170666225,0
94.83883358128566,6062.278114914507,-0.38690746996695835,0.009101901392971835,0
117.2569379281477,5060.922232066227,1.3767087367105464,0.01049913157549884,0
93.3266661878352,3879.0420327455436,1.1027278435181513,0.006121966976988044,0
91.99664593834696,4750.5063720104445,1.8724307033117467,0.022024187711269863,0
102.17207937528401,4767.616388044136,0.4113867912743948,0.012342700807730346,0
117.82905600065143,4876.329806487422,-0.18949802037661212,0.013350248359077619,0
109.85399711450049,4207.077179807076,1.0882420918314764,0.012256130080680494,0
99.26892697991062,4604.6145404573235,1.507968611781778,0.007983101270156587,0
85.14813837300068,3975.262757165159,1.6304247599996549,0.013083319882355591,0
100.8797354712917,4779.862681574598,0.7355007928984365,0.004621316757791943,0
95.68544355440115,3939.9563924399126,0.631968173265743,0.008445312418244531,0
106.09880047190418,4980.036768313318,1.3974615569377795,0.016745675525567147,0
110.58170093824101,5235.254923689278,1.0059313395903922,0.005096059957932204,0
107.39944051379317,5839.873691110764,1.1710530198252092,0.019586295742130617,0
84.74428291938916,4422.918307610229,1.4276007538741313,0.011321451050766256,0
113.13782176571807,4992.264179636631,0.5660122887358341,0.008932033788974787,0
84.67316029076267,4435.704663451483,1.486221998959005,0.01436393707234805,0
103.63004284806077,4139.4612395197655,0.8207982122435558,0.003875000556699747,0
111.76533253787765,4708.138933218699,0.4571261446092253,0.010148980825607123,0
93.59845543165389,5741.871955101853,0.6325945512329045,0.003003858703876844,0
78.47086484242485,4984.606748793292,0.7190349430710368,0.0028554769674413658,0
111.89226461255785,5333.622573714621,0.9858910605313851,0.01682163122085433,0
106.62536033398612,4588.572049240784,0.48038991800461694,0.014089907722269307,0
103.96366956467351,5084.87388398533,0.5767510985655464,0.01303973783502877,0
92.44501116866051,4949.006672703161,1.72347207319349,0.006695828820949271,0
84.27010742927139,4473.726404064945,1.4971494133438117,0.011273655686901047,0
98.71122621311247,4745.453097344215,1.2426799537765951,0.005754475745048883,0
103.05665568642596,4634.372715593521,0.551170307362473,0.006812562825874942,0
96.24592553516038,4975.585082033149,1.1177278975555571,-0.008441826457142221,0
91.92349442253236,4804.2150113219805,1.752531019304165,0.004599986958089339,0
101.62796618099912,5747.515154867919,0.34351573502636357,0.011969876129322012,0
91.9772816606548,4747.683128855383,0.5984445830233427,0.006340713457920571,0
127.21912147906494,5422.2279360358325,1.5508689308931045,0.01245996743418248,0
83.93743211598041,5197.478985161653,1.5364648072536733,0.005733002629804443,0
109.65326667161126,5352.168104927039,1.926020022406835,0.007911084937431905,0
89.02389017724273,4819.185945313728,1.7177854965818118,0.0008579705957901858,0
79.31624284568969,5044.697639465807,0.7787053536129219,0.010038639465878423,0
109.45311771235865,4723.7153269405735,0.06349708453468972,0.02022240778599972,0
90.02771712561224,4470.481438993951,1.5518600068612982,0.008077554394792411,0
99.36610147965189,5241.395062030159,1.5417915515549978,0.00833269653409114,0
115.199520059143,3932.1000756325975,1.3798936184765385,0.005802362209911713,0
113.72271316607991,5071.022239415272,0.6635473339952992,0.013314205465108163,0
108.93188347207251,5320.947061429319,0.4851518801834698,0.0075799143818895765,0
99.95927162878564,4979.37017367497,1.3748727377191738,-7.450616253304107e-05,0
103.34327054553503,4855.00932278168,0.5807496918080239,0.006287566111152002,0
97.85462335482036,3199.457447770241,0.649355214604225,0.005620925876768533,0
105.32783209322625,4597.2366587447395,0.892443099914755,0.01771138313830651,0
109.94351519815423,5451.135699971726,0.7500637847945741,0.012715161396448262,0
97.66102199546405,4901.953394661531,1.2048426718732748,0.007015032057895338,0
114.93003104443204,4919.934930201031,1.3091802831298325,0.01727800239628649,0
110.31653774575175,4295.540448654738,1.2224479475049421,0.014253596972303235,0
108.91863022160749,4443.352582942684,0.671482381491338,0.014972791178708108,0
92.38239629317354,4850.151971667843,1.7879379047509847,0.009761003748076051,0
92.73225862166157,4561.191321568547,1.166359664792594,0.003334259957613955,0
97.52664036103582,5166.615267495011,1.6495749102738337,0.01333774040184998,0
92.85934882017821,5589.20965878186,0.8502424812262612,0.0038214848897529553,0
98.27958640734528,5719.084600572851,1.0826200250324627,0.010062609321648932,0
116.37211644702853,4284.322576472787,0.35720044297361386,0.0019207676451658395,0
103.72648186480055,5083.246563557563,1.771368183639888,0.011217375385683851,0
95.95842840520697,5000.897436439053,1.058853709230479,0.0016411936333591646,0
127.10331644334893,5259.935509050956,1.1050041540112945,0.013075819921392902,0
107.09410980586605,4929.723257248784,0.6843794318796497,0.01299725343160852,0
103.85710840531452,4595.054950455296,1.709517805683632,0.011466760181614917,0
107.29819362267631,5695.960443839959,1.0109444105824175,0.011584760034920576,0
108.10027238506116,4637.569458099973,1.0270258314230005,0.010627742933255743,0
90.43941448316606,6158.8183943369395,0.29635327825379876,0.003509480481564211,0
113.14226575703579,5356.633125398272,0.4870175912596111,0.013036445075508465,0
114.6785044499731,4984.868471201507,2.299411450037291,0.0013796909456598224,0
106.93823453859102,5583.2641681105015,1.4456719508026232,0.008978221366771759,0
97.0955851798885,5222.0725855436285,1.4078772433260347,0.013012367181411817,0
110.40057890793389,4490.565021466632,0.8861145104381827,0.005299920339381229,0
96.13887223913858,5507.610445907153,1.0539919603626144,0.023034295815748847,0
101.93406367189716,5029.845940289868,1.0530914597201082,0.006810956535700321,0
99.42163387622406,5563.894013555823,1.0569853340638862,0.006032701350582643,0
90.74915379521364,4774.899054167078,1.0369317172054402,0.01596793267738131,0
86.59511358633563,4840.086861055622,1.0721550097175394,0.0008314711618528266,0
91.66401717033594,4660.055730131907,0.6020148130747509,0.010959447725108238,0
98.39440390498203,4722.356948699482,1.2139813132763175,0.01861537358823125,0
116.39256516741753,4038.6141139688316,1.2885360919175697,0.009109883549680809,0
101.55155342865356,4800.858483228726,1.0587943149436012,0.010757036980360095,0
94.21048242651077,4551.81622608741,0.7756521586902578,0.011171296322283829,0
105.98996341684264,5426.6744886700735,0.7529049884665436,0.011419222836513684,0
109.62502591953299,5582.797447572064,0.9705835729342389,0.008895341375301936,0
101.91124233836392,4425.146263551297,0.903195244482246,0.01372293199236565,0
106.41947129443702,4864.866197818055,1.1088591005435833,0.005876748298546563,0
107.03492148225025,4961.089281931763,0.862024274151931,0.008191380819533068,0
99.37106133100141,4776.061177534021,1.3290715180012818,0.008023582259919096,0
115.92964096027382,5732.605251740691,0.5542282550727476,0.010348521347146401,0
93.49343378663805,4836.676218405694,2.0012137338223983,0.008462142914421005,0
103.60226037077429,5270.660647004139,0.49968531375837966,0.005724522627953975,0
87.93977628591881,4557.014633051112,-0.42501505465859113,0.012722912003968141,0
120.5419384125607,5073.910369518264,0.2918655703296963,0.00678611808550026,0
95.41123154975003,4491.207611393313,1.4300913191975784,0.014051300221876669,0
88.4454820618234,5362.540522223754,1.7634063317886326,0.0195127910261478,0
128.65212023085962,4549.003675278402,2.4121102131976015,0.008228968057456059,0
94.07534544619486,5163.536187438923,0.7089693329534938,0.011995220703232631,0
86.79922812262699,4880.623698968283,1.6427911171808396,0.009714693542844221,0
101.41595786739883,5237.629302358656,1.58533081465883,0.001723876439052835,0
105.84524051837435,4865.930430379119,1.0833189476559193,0.015299750848811883,0
88.05813348588156,4493.677779278455,0.032285020143096865,0.007254205291181118,0
113.30432344378816,4939.706405763265,0.3299375521726071,0.007571606277124766,0
85.12138296509377,4437.406949134419,1.1944094551318567,0.004130633368469856,0
111.12634305203302,4964.439854584832,1.0427973519722626,0.00860813516196053,0
107.72847838543723,5391.579943888505,1.1675271759560857,0.012823945529538241,0
97.87910330079575,5271.101503454524,0.8310611122630966,0.01001115811081201,0
97.25356250633702,4771.390730340402,0.6554441011391049,0.012338450519294428,0
113.10605912813463,5585.55098583478,0.3717173320272823,0.016446015257034367,0
96.81841498382072,5300.366507572796,0.5468923339763945,0.010709899569370027,0
103.13723182896908,4257.697604040173,1.3041335831720946,0.016729675039191576,0
98.25352054318373,5680.084065414007,0.9051532532737963,0.014247922655233086,0
77.81430034048901,6209.388889656731,1.7477291226214784,0.008576872478731606,0
80.27910973356182,5144.014184152745,0.27803722646312157,0.01222426768778744,0
104.11565719164282,4529.298415498987,1.5604835118071887,0.014027873514030868,0
109.75823337288563,5004.428851834447,0.2922379665431467,0.014889361361055689,0
97.29628600864208,4305.109928403665,1.676019682987163,0.02049703760251255,0
99.58751871020797,6079.560577301646,1.0456573643056748,0.008097720479168244,0
93.69541545814522,5818.541203996371,0.609928059306114,0.013676346549874938,0
94.40836164940792,4769.846618712819,1.5151248469847833,0.008099815768553231,0
95.95204620579707,5566.402348587404,1.7986986466108115,0.013223449016421166,0
93.45230224376051,4744.69575035121,1.0399576318700188,0.011604650309628288,0
90.12134089860228,5361.518969789932,1.0427566648197995,0.0014214584068093523,0
90.7107351753927,4747.935663174168,0.9635711555794725,0.01944639397751998,0
102.38171306139628,4579.614055050687,1.1103154021535817,0.008239561262730595,0
103.24758239533541,5290.283843517807,1.6046153236119691,0.00987856752164987,0
116.38960527599833,5454.011331268096,0.6462802275939061,0.021049278328742323,0
103.26994513270098,4582.437748013883,1.8264565256152108,0.020388887925992222,0
99.6697473628044,4748.174869812202,0.913812521273169,0.013573658637588498,0
112.77856655030514,5285.243665431787,1.050861604235885,0.01749005885152214,0
96.87163526948478,5515.459669183454,0.8559686008243607,0.012155114790054466,0
98.86437435209548,4972.073908673595,0.811306741268895,0.016724270155903474,0
92.67073961891465,4629.883873725646,2.060496782922555,0.014889237823271657,0
76.14886301306964,4717.370630394798,0.09400533121897292,0.005246546532923725,0
68.61485333765961,4931.5052111530285,0.42902909041934423,0.010299526283982192,0
83.74878741117476,5041.45592658602,0.7925418609398364,0.017509764825942978,0
114.11356861745625,5392.672801505141,0.8366931096693937,0.019926901976301467,0
84.46964722160179,4298.220685218169,0.9581084500554676,0.021270190544605598,0
97.97661093129912,4908.377378395359,0.2790448219440954,0.014729647926351893,0
109.53176254329354,5394.537600699955,0.6853896635763188,0.006466466158134971,0
87.0687774959503,5041.936250880467,0.45979633536074915,0.004112917473753557,0
95.76309283089324,4755.421912407892,0.7310107355890225,0.012332222984201308,0
100.79047802150279,4855.921984744441,1.091506464155741,0.005042364794476839,0
101.05278623909678,5075.301246422317,0.2484765703212597,0.01497846877185181,0
91.18566294773004,5045.154899603218,1.5822058702676352,0.014628383788569347,0
100.34333388568835,4818.750498558966,1.4737559542877836,0.0133734748890431,0
93.81634979955871,4602.553176499155,-0.0361775908479991,0.010770159208417937,0
99.17302254981601,5568.095687321271,1.1795275467401833,0.016671145970863454,0
93.02635772083829,5569.0751654838095,0.7355418104476724,0.013887980308961361,0
85.41241607469307,5117.567649683095,0.007656029277045007,0.008664312570291226,0
104.40353993877913,4739.515724384452,0.4747811856220163,0.014230592346479668,0
98.96537210153076,4755.214676484664,1.0209479605771383,0.023183345709727944,0
111.53502849781543,5581.28683409392,1.217773159496182,0.010832426362885736,0
76.03917711669584,4660.509826768434,0.7597127933987627,0.0006255396797623346,0
88.42584209784566,4009.581764538683,0.9808380821513137,0.01409382985424408,0
111.06774518624329,5207.39223103962,0.5183018294007156,0.0003396742074002028,0
82.43131300598498,4365.50871137275,0.5555701509821627,0.009201257510042067,0
89.85835781873031,5169.4879468341305,0.8838632486002636,0.010052728558705128,0
111.40250552671205,4409.884132899815,1.209352289146184,0.009930133857619634,0
96.66513719030304,5442.62816043298,1.4395070772785037,0.00526754602005786,0
98.17839416142075,5140.605841292033,0.8634966259887078,0.012925106661438993,0
102.81192017910276,5916.280620178006,0.2348604320351062,0.009387820051263013,0
90.91497488487809,5302.053727719522,0.19141405497722774,0.011731563551124433,0
93.69951568651659,4632.919066939493,0.2767508982296564,0.0076746202689949704,0
110.84500530290926,4987.4056582352605,1.3138402089372372,0.018323209109831373,0
102.63755584822576,4720.60021396883,1.233626107591395,0.0072785192684285405,0
94.95577316702831,4240.0536001905075,1.4631287455421962,0.008069987121752803,0
101.82098245815862,4482.0190356966805,1.2179738148577361,0.006190293809324581,0
98.58291278298175,5438.913015619563,1.3953796561162646,0.009889849637415299,0
82.31868967293282,6496.405285030321,1.8729294851365679,0.013613374124441493,0
92.4679621840903,4943.203919149018,0.7282897851117416,0.016319279695481942,0
102.62502890851835,4607.918070820084,0.764622450437609,0.015605940712849525,0
116.00097846820478,5764.165781743122,1.3785160325269887,0.008736875655986817,0
67.5848617467088,5148.5800119041105,0.9990856205779498,0.010699910481606768,0
100.53897347033207,4336.868919025422,1.2787042784255929,0.013161081570159251,0
106.8233878205966,5473.288501786693,1.3020258224608117,0.007949852942305446,0
99.2916315208391,5045.562433626688,1.0538497245533092,0.01499108827985865,0
106.4366875302249,6038.671719784977,2.103234489942336,0.010398247913069624,0
61.6334445154063,5618.416233063634,0.7298118305064728,0.005992580390844966,0
96.01554725010634,4776.678476592697,1.3061349050526962,0.0022028211043688727,0
89.22279254208398,5171.579277098708,1.3114720152066541,0.01320770822468006,0
92.12963721066701,4510.86717536688,0.7466825831060404,0.011199363761423626,0
114.8547736927255,3976.281407114625,0.8896356215208168,0.003336607794873982,0
83.4775732264651,5483.4783226724085,1.2723122872496693,0.01224716757973631,0
109.21025839730993,4760.140551616932,0.7836812418332358,0.020928653083612872,0
97.53428945740426,5367.5660565270455,1.0031907704816574,0.000758707349607925,0
79.55370996198732,4710.507890030048,1.5280506258349944,0.013941458283180018,0
109.14077164224034,4506.476910531843,1.807936245061157,0.005175533499068079,0
102.12824398669969,4994.823855046132,0.9130630898427068,0.016692960691478034,0
92.94889479834039,4325.197372144036,1.0099977431032097,0.008000866328567368,0
133.77382919082646,5338.253738219987,0.7953297123906878,0.0047194421540645674,0
81.19711589431215,4487.390457131283,1.0574708858795658,0.017136643257973847,0
111.21689142387919,5114.54741582319,0.8384161671487577,0.011344061782060771,0
94.81362002515424,5859.181997881938,0.90540490936246,0.009568310708766365,0
77.84177574979331,4902.282576738618,1.4182420689824706,0.004661387114807274,0
92.49279665507187,5396.355508866833,0.26167138824097336,0.015289005037709592,0
94.67856109826899,4805.715889754399,0.43806079743720294,0.011890231302139415,0
124.5987198502938,5390.748619730316,0.5678573690297322,0.01567810292745738,0
96.8332045406575,5687.242490713779,1.4033382010821813,-0.0047157078273586655,0
89.95920367044972,5472.192611417695,1.075828636072509,0.004881220261460747,0
93.66410484506187,4046.88168995531,0.955813356236802,0.02105344863007882,0
108.04933390732326,6095.208500594212,1.44119854489499,0.015137396716763458,0
119.74078687745023,5188.631629671113,0.9063863392465599,0.015163287583110061,0
114.53840237121885,4760.017678643895,0.6392154588299854,0.010694280162154401,0
108.31498866931662,5399.045524330781,0.28791619990620043,0.01955803033531661,0
93.58835070603149,4867.46750155571,0.5486728200060902,0.02349164417968544,0
102.42070670287967,4574.512459659218,1.431961774981223,0.013845678896550166,0
98.12272976420117,5420.3033563916915,0.5873540195845678,0.007535408625253739,0
79.89783345433938,4338.024457890218,1.903815402835343,0.018207143138611572,0
100.65788648648963,5831.465723594919,0.9199627566958476,0.00878294848716046,0
100.56510648465556,4937.539202338217,0.8924018382199098,0.015716990535747766,0
101.50135653956202,5356.240882216902,1.5156902626386655,0.011940928978273667,0
90.29728674091761,4323.56705551798,1.0743903174036527,0.009143718475875327,0
100.87391428920122,4991.972980375707,2.2917868300832835,0.0033488687217933097,0
80.10053730178875,5166.188416759805,0.8117887227059024,0.011580339348649757,0
105.83883022284002,5642.052347589449,0.2463870898080308,0.007216410510714186,0
104.28761258880763,5385.231797843613,2.096724775144193,0.014778519855569336,0
99.43211404113723,4554.782123528669,0.7178550736404904,0.007036485885214468,0
106.55233628513761,5128.498722792915,0.33817521457891053,0.007820492654547834,0
108.77547553451421,5175.83117748703,1.2843223080063852,0.011914608550286315,0
116.2643073460886,5118.021531912185,0.806988601064651,0.005421224794332198,0
102.49609458209711,3779.647992612458,0.907855499083644,0.00897080070039328,0
4317.76457319136,226793.3540336001,540.482876507412,0.4730711749074963,1
5050.894166853664,257658.68834830058,504.63137939744615,0.5742862562858315,1
5061.714590851824,213544.67215453123,581.5064982437206,0.4870340267328846,1
4705.373134602466,218664.95704262453,519.7957110479023,0.43828279950256244,1
5787.073393016204,241352.3179833293,458.13096051587667,0.5395796218235929,1
5462.640946358416,254216.2841902549,533.8178523837454,0.4462312879257762,1
5116.932550504624,279124.7720640981,531.2659167010752,0.43307255616673757,1
5676.181272963076,190878.61568021218,602.6036655710967,0.27940409051092646,1
4686.453587613852,248977.06162012328,492.6759664635919,0.5506411040026555,1
4471.081690694883,256519.17043707657,471.0893950890123,0.47951409793374167,1
4967.613870101061,252323.39131707445,472.50375837678274,0.39899360499039177,1
5143.6362570137135,273592.8876439011,470.0860332901076,0.36312324554270903,1
5306.730082835918,249187.40267355778,541.5249066992976,0.35942027866288523,1
4110.280537288285,236674.89795434164,461.6823695367492,0.44212115999197,1
4681.577392864805,268525.4237834112,485.5924868788742,0.4650474498773901,1
5078.817279220472,254873.87731030467,498.7935444772513,0.5010600690410314,1
4602.172433087097,284985.4481663471,488.17313083157325,0.31884508621013186,1
5094.036678495887,228720.48793881288,533.2667267254437,0.6709605576042378,1
4606.713954221075,258309.30833059963,412.22472056476863,0.4953905229441347,1
4557.143100100155,234379.13453913794,444.9356755080086,0.5232151226054735,1
5503.652178736631,250584.6303664627,456.778664733214,0.6089523036103863,1
4624.794936122672,195949.19250181405,522.9194504978534,0.3395225326358483,1
5494.304396749588,240471.55758316454,530.1856620272098,0.5901500346552158,1
4395.570567689639,235851.57172768985,496.21644636714683,0.6037551319034344,1
4670.808641029777,235137.4076012748,523.9070287777904,0.39227712742894294,1
5076.262941448808,211211.56447579683,610.7164971278298,0.31522907696905966,1
4839.123648004896,249187.97410394764,595.6344067178397,0.317515421906726,1
5991.852067739375,268929.42052755057,520.8547662211623,0.35153663129820445,1
5285.5706210190365,231912.834439505,563.3330626599206,0.3528937970892267,1
4943.420752771958,236118.17279967072,450.62385187865027,0.5241319816907914,1
5267.729373704817,280225.25497252494,411.00624458959163,0.5564170702341044,1
6252.724452678447,238708.97277057634,594.7574306054485,0.42368387279401737,1
4313.795131219346,242359.1889398301,552.4101983837638,0.3661823517668469,1
4699.830670496756,264838.48580732977,500.1530058369286,0.5084622952486741,1
5118.914770379168,261990.63298878932,478.38494070952294,0.47317309420303927,1
4536.313497152033,282210.8405625847,468.2862641591343,0.562884748754939,1
4883.196519508568,255049.97526893302,475.25177245546496,0.3484004568831971,1
4127.619806197349,223616.89603518852,483.8045573392039,0.47118791788288844,1
5505.189656641632,238856.06350507878,455.9019617866413,0.3057285213997287,1
5240.0318089520515,284579.8628832336,563.3165133978144,0.5209932748147238,1
5319.271658633799,292440.59449273354,516.6040730708405,0.5146129676024171,1
4839.608069074,215948.91572863108,465.80755497502116,0.4490840961465345,1
5030.392686250651,298157.14637138485,504.06385837955344,0.5678843444025644,1
4782.461379211842,242208.10285586916,433.54961813882755,0.3757671987123428,1
5263.490695681877,250189.00450985334,547.1469309948617,0.46812539483450505,1
4823.7731341811295,303707.421594674,495.30482156434766,0.5663000969705304,1
4799.395396727661,267739.98698458914,546.4007829575844,0.47084919705755807,1
3822.758538651699,250456.31152140282,561.5230023879988,0.5027480833027731,1
5222.919437614623,206943.57665106203,463.97724646624704,0.4911357631151439,1
5205.191638393446,280366.66950332257,492.75666224269526,0.49058240866738145,1
5008.1871209656465,225326.4315874611,387.21043344526265,0.49310096921300767,1
5086.973604206406,234545.62394749577,419.04134717420675,0.5129739514408738,1
4867.039962902224,263921.8680592036,593.2024265205879,0.23585691196802952,1
4650.199595648818,244765.60966720217,572.7413087073326,0.2863596980793515,1
5967.930512840302,253396.39753915727,495.1999669133071,0.4301940236781094,1
4781.868483909986,276202.91898172884,446.57396229587806,0.4845414181643854,1
4807.909167146512,230946.66378714755,629.2987587841948,0.491905073475346,1
5306.632772330572,278444.41951671656,428.9325027340726,0.6252291909122032,1
3745.521410752462,230780.839749037,477.048416341055,0.5081723364970506,1
5109.359133070744,245829.63148254016,499.4001327686138,0.35219769764774317,1
4251.383802757913,268162.7905584015,534.6853056268093,0.6084494375157059,1
4604.991451592396,267320.38025752304,485.8146635817634,0.5690474985193482,1
5510.981388339071,255280.23498061142,483.0234921667007,0.5460932178608262,1
5323.452261628283,232888.98994784543,433.61006632602846,0.4211467099318204,1
5757.7069076741045,278662.17896832596,444.38362651647094,0.3332242584100079,1
5637.341924839743,221609.10238105428,525.4647661821004,0.3883928784663676,1
5808.522462260841,230739.38002155302,557.1680765102914,0.4684858654060365,1
5126.0974271171435,200742.285466215,389.85433233971406,0.42794340597326863,1
5123.453031708306,221870.0543065569,445.5653294761829,0.5061472629826134,1
5281.427240228565,246556.4734903018,539.0100860593037,0.33257977042798537,1
4822.032541456515,291196.94014459185,503.4161064969909,0.46263125145869993,1
6152.97329298387,215016.44585378072,539.8215183321055,0.61639862798081,1
4837.571036750727,271490.76967137115,450.89902513945475,0.38132676044326486,1
5192.4832080238175,269964.16682776477,556.0468256203123,0.6069628586939493,1
4966.276720722409,279840.2938793147,482.88475782754256,0.5402091311588268,1
5103.744398926091,261141.9476770481,521.1753937011018,0.2895294990202188,1
4437.939070569613,252563.53599543805,415.63604601794157,0.5331211103199756,1
5435.777983144071,258179.26382194477,443.9432993621039,0.5880138938868515,1
6018.605319859179,253676.92068614936,525.5267689225618,0.4701738654796044,1
5265.184594499399,247011.0310843401,498.27178800780985,0.5405717600497366,1
6172.812080948221,214998.21913995652,494.8093757798517,0.3319539514767918,1
5796.012449288041,235306.55076700254,427.8399603107103,0.5138186998848574,1
5872.155557371556,266589.94671401905,510.23989386409585,0.4909140922775994,1
5707.420331412777,228145.01824964627,494.40764479568435,0.40473098514904665,1
4416.067346354145,241790.61851457995,555.3860547991225,0.5066602148392726,1
5322.1552500541,253661.89029133297,526.1661891364295,0.3699409657651895,1
4845.245057036385,254800.1059242169,513.8757929440945,0.4820187854921873,1
4930.832358991811,240564.41497174176,657.8885641522149,0.5406787272932398,1
5206.573737976311,244169.78754484016,477.4390586528062,0.43691994062730444,1
5146.414421793342,202989.11139842297,421.5305202312658,0.38631176110610427,1
5103.569718389284,244018.17132120373,573.9060613049742,0.30176032130042313,1
4624.327265198315,288002.2935247775,506.5559662337573,0.5384842582801159,1
6025.623471634732,232654.88955245444,495.0342831103984,0.42275730990691285,1
4022.703497758362,242240.0799061008,544.0531093690332,0.5040589541812242,1
5309.541584694005,240612.2754840125,467.1951381997179,0.5769255671898621,1
4751.341426821165,257352.05096983036,508.16673403387693,0.5961717016257119,1
5485.70617883618,217618.53448332197,440.622341661248,0.5078909818069134,1
4967.831176310417,238620.7054011559,550.7813941997235,0.4687459382088911,1
5026.228693444722,269495.71601887624,481.2445502528218,0.6068518985472554,1
4605.976188383496,266423.2266585522,571.6916419329923,0.31227045107279006,1
4828.332412073775,278555.1848221389,557.8622273865512,0.43285043996117606,1
4632.66445316157,273898.39555826905,559.1774551290803,0.33353366514876054,1
4398.04317551681,255631.41704958997,531.4680316714446,0.42009309147699453,1
5339.646909991175,232246.58482906545,394.26532004631326,0.4076098927667404,1
5031.61607325655,243104.0010025886,442.06983681702576,0.26843510241211826,1
4742.9555978160515,272441.3942912436,562.8098719706841,0.5687713384138455,1
4592.045232425724,221157.3419092409,524.8317307489948,0.5135100011597925,1
5200.084802600249,199648.41814405593,456.65577075582667,0.4470311209714022,1
5243.609097315213,269182.68406506215,507.212676114102,0.4830783806538236,1
5042.432729180552,267140.4843554621,515.6432825745455,0.45657376600472876,1
4865.81560043131,252032.28562606202,524.2295689419637,0.47674753888980614,1
5190.413209172627,283568.04653377965,513.2581961373294,0.3851001479526842,1
5441.803392997084,215845.04155827707,445.9293309630356,0.4835847264720069,1
5258.19833389329,218873.71941240013,480.8591259506625,0.38939161677803413,1
4756.661838559202,273589.94440682366,535.3252731773626,0.4480877820146293,1
4727.019036442536,216258.75824449648,571.0092469390975,0.5092113900284918,1
4646.66544796343,267989.9874406223,496.4888189712687,0.4212890495137657,1
5217.6057641448015,231462.54375218187,482.8121740244945,0.46214610641995457,1
4750.274403557393,266727.1302566881,593.4533251839131,0.3745701867392857,1
4167.437351847978,199956.49581309347,492.4765929252509,0.3836835409873817,1
5103.93025053354,253314.94180065254,419.8391576692952,0.2685116170518594,1
5147.966620173048,253385.72086799893,478.70910008167243,0.28428564148676955,1
5235.695631382496,281797.48863559857,513.8991220109461,0.36525261094349354,1
5022.276082785575,215847.14797665787,552.8980356919396,0.4581844334529539,1
4115.921544123384,242483.14098890792,523.1650755117115,0.4166952379024478,1
4862.052139279913,219389.9448238182,528.3270493540828,0.38515307999808623,1
3921.7773114974834,240718.56573324016,549.0574857785176,0.4113070553400053,1
5868.99249256176,260724.19871371292,516.9379081140183,0.43716017340823915,1
4965.856896117854,243414.4091220124,484.8865303958737,0.5030867162067149,1
4532.0843851047175,223102.6542818935,443.8402474562311,0.6545654547677154,1
5265.17145083529,257612.30504200363,447.1242664853284,0.5123342300674829,1
4941.714326773335,255354.22352829375,451.1689842068222,0.46602688574175766,1
4788.083230896758,230859.72107424532,536.7053167903624,0.29622921914699973,1
5282.388132157075,267112.1533388249,456.01781622243794,0.3679671538867533,1
4888.487159366799,257050.9052615555,492.3572504092887,0.4933562460191879,1
5881.489826268699,237307.08077125714,414.24100146482897,0.5325923583030654,1
5841.657287963765,259819.20907627812,445.61256623231657,0.43761076367647994,1
4440.738257894184,266071.3873490737,432.43547986507826,0.41998712131718,1
4497.831086853047,253170.61712837406,481.6829161431121,0.4676762103250264,1
5011.175277483183,225333.52430689725,531.3438531764511,0.4451234348156885,1
4505.73549606705,306023.1639051448,523.8215083358563,0.4346739446600695,1
5707.602263350912,296045.3902346652,492.73252888430574,0.4847397486434762,1
4505.99859099853,246320.1812307997,490.0468723120065,0.4684827033621654,1
5166.380239318505,263995.7112207015,511.88213281499793,0.3289257373370835,1
4530.766447129457,236339.80951340817,485.88797040383855,0.5550774290472114,1
4418.530506573544,241064.6237957325,547.6504749107025,0.4200122525503388,1
5230.207824921412,246511.4489268024,512.8391628662362,0.4271527456190459,1
5333.532736364177,211373.58981483913,481.8343995805727,0.47965726766943084,1
5266.847624003097,287323.8155688457,480.4487666567212,0.5979481761860873,1
4670.488086670165,283216.1602886161,540.8733563349186,0.3586541420367777,1
5153.519618625911,248719.10411169523,531.27922968375,0.42767284115666904,1
4846.3768871691345,284227.3645690713,495.06395527721634,0.5326422324191766,1
4887.3242574779,291666.58148068807,466.08326853322535,0.3885856468752815,1
5762.258590557952,238876.34022761867,580.0537153082196,0.5391840579594813,1
4922.675146719584,204667.66319957102,499.03408478640824,0.4601630053533425,1
5583.608866652186,289711.1794060028,465.7506410428126,0.5301181763988183,1
5382.701078006675,276835.3175602611,524.9344956067772,0.255750230903823,1
4922.28878373612,221107.31062707712,489.8697113540963,0.5480004236133894,1
5152.575417937486,278702.2716599358,517.0876960356769,0.3201674060331098,1
3739.576496713633,253720.21904198977,489.30367668244173,0.3523054260618118,1
4149.686375174311,231631.41966318229,490.2754257567612,0.5165877823706391,1
5094.31554078399,290201.6811793182,448.21979719773026,0.5381058892057433,1
5023.649371564364,267366.72810296464,478.1742568367228,0.557168037389059,1
5147.612379172621,233013.87537705628,499.3987985543406,0.42604441410629007,1
5244.589175318897,220505.58126563727,498.53241489421526,0.48953072526493313,1
5016.511653596516,283673.5311097249,538.7011387035526,0.44925192032592537,1
5108.344548748836,257391.63878704997,520.1649802083411,0.2674342004335392,1
4849.236852115327,212889.02329516434,563.9140473729743,0.4439150479997072,1
4903.3295251601885,272419.9333008309,521.1162398724937,0.3371365485620793,1
4964.547318736316,241620.82566934038,412.7733555696973,0.38097237667627953,1
4908.229838991767,247126.22671270394,425.8884288161346,0.5651665583047476,1
4948.948470554281,250938.82691651408,520.0320819169918,0.3711923746096329,1
5228.177986566348,240823.1338495454,455.1707229676404,0.5073447493355399,1
5745.8369294009035,268120.7343371458,546.1488782570216,0.3979369393437701,1
4201.190135415772,287253.43805249606,602.7257444702379,0.6042806773769682,1
4832.107030510125,221134.1415317789,446.71586510902165,0.28162674323859516,1
4946.310690794978,290141.94895206136,492.91686840638783,0.4802322900348275,1
5687.798482152104,239897.61720419,601.7765728359798,0.6492094407497453,1
4934.444330659759,235561.64339951967,534.8619023195156,0.4152475057481142,1
4421.722391466332,282030.96633807453,560.822369363854,0.4655511603763561,1
4368.567623135911,219261.84371956534,505.36146442095765,0.4000128965494968,1
4829.453533929196,275549.0788765001,536.6589658711279,0.5878142680497613,1
4504.688388311371,241420.2107828322,537.9490847730057,0.4948078341012892,1
5766.190191293811,260513.41764760175,592.4054552052776,0.5040017801723141,1
5531.083723794331,241912.12633038856,500.71436059419943,0.5410944403839475,1
5806.489085296527,268230.9237327688,495.84141140326903,0.5877335029528342,1
3904.0106718600596,214444.13746232816,534.0817111834194,0.4514108356253125,1
5302.756825562083,251610.18806079854,528.5472847301936,0.3685597179006809,1
5285.243043039845,274860.3632051896,561.0275301965617,0.65135542946487,1
5122.049221751194,256847.77717117948,423.8413767913076,0.3968588598861575,1
4903.458962996694,276257.9888069089,469.44994379551855,0.5296340019748833,1
4999.18914151831,245570.79712213096,512.4446984566629,0.41088436277471574,1
4785.481375953667,207380.35235524713,487.6022896336055,0.40200318538512736,1
4742.00950532546,260421.826564751,532.9315976395255,0.47321945046423275,1
5497.707595224737,264389.04814575915,485.2471905097179,0.40371437142856204,1
5156.411118383423,264344.1777475475,569.8922153515749,0.5691173044940095,1
4729.2634967464155,247449.84299681845,533.5508902458885,0.5567997778058972,1
5469.484734352396,248403.05417921633,437.2988673785742,0.3501063623754409,1
5136.316757159707,258555.63948560864,445.06603132828076,0.4544569610889272,1
5315.6121784858915,221219.3335623214,555.2498600902207,0.41224688514401747,1
5628.806556288326,236663.6888556025,448.6687258557911,0.40418630101582803,1
4952.42593846134,240288.00233071297,489.19992892134434,0.48339651496761904,1
4914.410315101801,248347.19015119981,414.5386800398702,0.4891698016010473,1
4955.398351154166,290257.3245120718,453.02174163730206,0.26917046715004855,1
5309.034246965021,258663.175457825,449.5783489734427,0.29702510449959085,1
5768.698365342145,285352.7597651695,375.62716206469355,0.4041776970743499,1
5832.09602739195,238098.43605555332,475.46938829866735,0.4217240672370632,1
4439.55151311592,207380.6063942989,552.6273655367374,0.26570630937523243,1
5123.635726054378,272164.4873189412,427.4386850549421,0.35757315974049286,1
5606.589594195795,263322.293005676,469.13571465605565,0.5702249003361171,1
5603.267861727151,256726.31732539268,454.99198860631685,0.40865512965282047,1
5143.193371977695,245285.1292713128,546.9478589117425,0.2970225919890664,1
4252.868235466881,254521.7777870608,475.42277930965474,0.3872951385302259,1
4115.971640412801,250488.64611995453,497.36224459996174,0.5153478981951741,1
5034.453066560486,246684.89804398757,558.8500318395169,0.31875326965514506,1
5268.194609423788,208221.32088011628,458.08190599995964,0.32873428673766864,1
5390.9712677259595,248364.74416011514,499.32483777035117,0.3393267012270549,1
4850.153252033555,230913.3674172722,519.1727507427108,0.35089088646683864,1
5664.897182602538,208110.48875939765,459.67400837717196,0.6177200509966096,1
4782.430626018982,217128.0333898897,510.95357812688343,0.4024607757785458,1
4582.064872190847,222603.22973003206,638.4186802812972,0.42484480998158636,1
4037.2163198335616,287342.74397513835,530.5535452555285,0.37335335689802124,1
4533.440455656929,266836.8199039558,487.6540836255273,0.25740221815548986,1
5893.619982302334,239150.23844460107,574.7785868241214,0.5778434957965715,1
4499.495227758593,275829.7466090787,467.42787250681596,0.2633299413196058,1
4787.700916988929,259940.93754440697,476.8631676001831,0.4192951659074899,1
5571.783022464307,252662.3495072523,457.8350844357524,0.5202030323667327,1
5098.837783477123,186959.8799634489,521.4176456885724,0.48918287077161016,1
5010.06056479043,272292.51452673937,466.3803207836749,0.4836499788820901,1
4216.520314416323,260177.2595849708,597.6529847769948,0.3505143647532459,1
4620.098934006112,232249.6139277112,506.49991129007975,0.34369637271462816,1
5210.62368934549,271170.99863672914,526.7173606726892,0.27315845743619277,1
5497.583832579303,273434.185356342,541.5080686173152,0.48728422486558254,1
5110.094657102566,275809.73495315993,596.1756743801727,0.35469595366351503,1
5539.062697897386,247844.5725498137,493.51634739856996,0.29634693096179615,1
4857.605295242302,225068.3760507896,476.8072785247027,0.34018136162218504,1
4775.545806343497,239847.24107441492,504.83774592194004,0.2885250137708669,1
4277.240926127339,259047.85676826315,460.1280941464951,0.5574529790229932,1
5112.634861007524,265169.0537551602,570.5346160210447,0.41902891881934273,1
4712.7566472918625,271792.5646399703,525.4756781964843,0.43126696901786993,1
5695.728983477971,244693.89225400172,501.63868187778905,0.45212226508342584,1
4532.703052550764,251939.63473715977,569.8380088699246,0.4944968315376176,1
5015.531713199466,245955.81797085828,516.5433514203175,0.5249766628489185,1
5304.619415444877,241703.37845445052,516.2390797055057,0.4979939741148279,1
4496.402506236511,254205.76352959237,391.9348056848819,0.4982533709821185,1
5330.171527281341,268688.6531446615,480.2476573915216,0.4809046835024035,1
5711.976922770584,285344.2412072815,498.541365038672,0.463931963072956,1
5555.4555723672165,212479.94961844562,483.8462128661488,0.5835570455536756,1
5487.600270842383,259231.5944412476,424.708379733469,0.4450089766958838,1
4705.042301875033,258275.97257043034,459.532665760256,0.34742766050253926,1
3967.567361158179,280545.11712441756,480.01147442784713,0.4657145783702535,1
4998.880941762909,223314.15167598752,437.0467544275903,0.3494684874002765,1
4638.415780585304,259165.15617534512,460.21411682396945,0.6246490631594621,1
5513.575517946576,270208.9887416427,494.0170548763425,0.6014280735720484,1
4890.997184439438,249218.46464614384,508.49872698746344,0.5201823040543344,1
5318.454039501493,238121.86803888492,473.3503140287023,0.5139902957152085,1
5357.618291945616,240166.2218794282,420.6405965160773,0.4292683903991755,1
5311.762899412929,295135.4211604945,440.1021018829669,0.40734287471694264,1
4805.298219237312,283895.13348578755,498.25292497706835,0.35926734406277344,1
5279.3476414609095,239884.03699897634,438.7806363321023,0.36072266927238494,1
5867.020977211309,259605.23054123655,505.38800277262715,0.4250106264187954,1
5146.074421059399,257005.89865006236,514.6084414103663,0.4614845090277753,1
5434.399169152774,250577.6086500183,451.1030582223681,0.3887577109099132,1
4010.490653255144,300670.4279010598,543.1377295976343,0.3669929504870763,1
4859.07757530145,234078.08814483916,577.1273605687059,0.3080122835729071,1
5057.23802940939,247286.8039358788,541.3419315354557,0.4395990772275305,1
4120.895561672282,243722.05413393897,451.3918891028338,0.4579579546556561,1
5717.088518260163,206514.36889419303,459.9888632300048,0.3947307046216503,1
4809.184452293394,268503.1416026311,491.32277912193064,0.4915802725720445,1
4687.113478134112,255748.10863544844,538.8898815438857,0.3767700450262912,1
5390.679059903257,251309.31921818922,552.2730120241126,0.42985800999230267,1
5190.62232758105,248984.84420803675,495.1893868979711,0.475893042822569,1
5268.403734612451,218760.8772018999,571.6816804408938,0.26403369594502013,1
4657.593945130552,247643.27323087747,520.6177984542974,0.6076172527741379,1
4070.8542558874465,237307.64679025725,393.65832561003674,0.4531621973910248,1
5135.841792250016,289769.8935542813,506.0317380446727,0.554402512944238,1
5291.9185407695295,239118.79507487078,429.55196266039803,0.4775002298291811,1
4253.948991427318,282380.1768167411,491.8968948981588,0.5695177411511416,1
4759.8927829338,256721.2696600248,510.4674428667344,0.4454955881989076,1
4783.6702433017035,259811.400461763,453.6918368258396,0.32905646710409414,1
5621.413446663414,268179.1997223025,503.294580430112,0.6165142382543782,1
4866.117240637577,283067.5804997245,508.7787042462911,0.347524924992361,1
5924.020095885425,274767.77116560214,493.94894844952177,0.5227171259533949,1
4798.148283001046,270728.72587648855,380.44607173580204,0.34801986663054063,1
5489.629872143481,243758.61154452703,510.3771147444371,0.31532143378845656,1
5923.9334978510515,279763.2410929419,489.9657390812335,0.4095304143136674,1
5514.802180709847,299561.7612542232,547.6880127905677,0.6671802667396602,1
4538.824335469041,229515.32923753024,440.55294409733256,0.4941760649649479,1
5087.801774902185,246201.22191320037,540.4629314061649,0.5732328605214664,1
4237.168795356579,235075.69930247212,541.007179706153,0.4032261316141418,1
4600.896961820923,275463.43569125986,435.524996513801,0.4198420192208895,1
5164.322012902404,235654.50215224703,539.1577828006588,0.3931123024802631,1
5704.30974672296,246856.34256260569,533.5635068352676,0.5246023952982817,1
4686.229998627964,198662.83628360278,518.0377877331917,0.457228834712487,1
5277.913013787564,244336.81319042903,478.4786150599642,0.6508473010981699,1
4263.822969244611,268348.76195910596,471.26990709083043,0.4164221382259578,1
4841.448583713017,229914.14314571858,528.561210511812,0.5890643595949957,1
5235.006830623331,252584.54990530238,450.67797504503767,0.501682526582445,1
6078.17481586465,240482.6344051227,481.2008210324067,0.3938910869019003,1
4755.292882752789,181367.51115819038,520.2517692927856,0.36544478236453865,1
